Date,DayDutyID,NightDutyID
"2019/4/1",,8001
"2019/4/2",,8002
"2019/4/3",,8003
"2019/4/4",,8004
"2019/4/5",8005,8007
"2019/4/6",8008,8008
"2019/4/7",8010,8011
"2019/4/8",,8013
"2019/4/9",,8014
"2019/4/10",,8015
"2019/4/11",,8016
"2019/4/12",,8017
"2019/4/13",8018,8006
"2019/4/14",8009,8018
"2019/4/15",,8019
"2019/4/16",,8020
"2019/4/17",,8005
"2019/4/18",,8008
"2019/4/19",,8021
"2019/4/20",8022,8019
"2019/4/21",8006,8010
"2019/4/22",,8007
"2019/4/23",,8009
"2019/4/24",,8026
"2019/4/25",,8006
"2019/4/26",,8018
"2019/4/27",8021,8030
"2019/4/28",,8011
"2019/4/29",,8010
"2019/4/30",,8030